{"name":"chess_10","construction_time":2.1936956260000002,"node_count":90181,"leaf_node_count":45091,"min_leaf_object_count":1,"max_leaf_object_count":8,"avg_leaf_object_count":2.049544254951099,"stddev_leaf_object_count":0.40035352118755435,"total_object_count":92416,"height":23,"max_depth":24}
