{"name":"toycar_1","construction_time":1.7407110609999998,"node_count":150499,"leaf_node_count":75250,"min_leaf_object_count":1,"max_leaf_object_count":11,"avg_leaf_object_count":1.1801594684385381,"stddev_leaf_object_count":0.41369541311909697,"total_object_count":88837,"height":23,"max_depth":24}
