{"name":"chess_12","construction_time":1.6212915049999999,"node_count":79421,"leaf_node_count":39711,"min_leaf_object_count":1,"max_leaf_object_count":6,"avg_leaf_object_count":1.1893933670771324,"stddev_leaf_object_count":0.39756291162119023,"total_object_count":47232,"height":19,"max_depth":24}
